date,PerfMLOps_Zero_Human_ML_Performance_Framework,,Energy_Proportional_AI_Load_Balancing,,Elastic_ML_Training_Infrastructure,,API_onPrem_vs_AWSEC2_vs_AWSLambda,
date,count,uniques,count,uniques,count,uniques,count,uniques
2026-05-14,0,0,0,0,0,0,0,0
2026-05-15,0,0,0,0,0,0,0,0
2026-05-16,0,0,0,0,0,0,0,0
2026-05-17,0,0,0,0,0,0,0,0
2026-05-18,0,0,0,0,0,0,0,0
2026-05-19,7,1,14,1,0,0,0,0
2026-05-20,74,2,20,1,0,0,0,0
2026-05-21,15,5,9,3,0,0,0,0
2026-05-22,5,1,7,2,0,0,0,0
2026-05-23,3,1,3,1,0,0,0,0
2026-05-24,0,0,0,0,0,0,0,0
2026-05-25,0,0,0,0,0,0,0,0
2026-05-26,0,0,0,0,0,0,0,0
2026-05-27,18,1,4,1,0,0,0,0
TOTAL,122,11,57,9,0,0,0,0
